<?xml version="1.0" encoding="UTF-8"?>
<GetAccountActivityResponse xmlns="http://fps.amazonaws.com/doc/2010-08-28/">
  <!--Optional:-->
  <GetAccountActivityResult>
    <!--Optional:-->
    <BatchSize>100</BatchSize>
    <!--Zero or more repetitions:-->
    <Transaction>
      <TransactionId>string</TransactionId>
      <CallerTransactionDate>2008-09-29T01:49:45</CallerTransactionDate>
      <DateReceived>2014-09-18T23:18:33</DateReceived>
      <!--Optional:-->
      <DateCompleted>2006-08-19T17:27:14+00:00</DateCompleted>
      <TransactionAmount>
        <CurrencyCode>USD</CurrencyCode>
        <Value>string</Value>
      </TransactionAmount>
      <FPSOperation>FundPrepaid</FPSOperation>
      <TransactionStatus>Pending</TransactionStatus>
      <!--Optional:-->
      <StatusMessage>string</StatusMessage>
      <!--Optional:-->
      <StatusCode>string</StatusCode>
      <!--Optional:-->
      <OriginalTransactionId>string</OriginalTransactionId>
      <!--1 or more repetitions:-->
      <TransactionPart>
        <!--Optional:-->
        <InstrumentId>string</InstrumentId>
        <Role>Caller</Role>
        <!--Optional:-->
        <Name>string</Name>
        <!--Optional:-->
        <Reference>string</Reference>
        <!--Optional:-->
        <Description>string</Description>
        <!--Optional:-->
        <FeesPaid>
          <CurrencyCode>USD</CurrencyCode>
          <Value>string</Value>
        </FeesPaid>
      </TransactionPart>
      <PaymentMethod>ACH</PaymentMethod>
      <!--Optional:-->
      <SenderName>string</SenderName>
      <CallerName>string</CallerName>
      <!--Optional:-->
      <RecipientName>string</RecipientName>
      <FPSFees>
        <CurrencyCode>USD</CurrencyCode>
        <Value>string</Value>
      </FPSFees>
      <Balance>
        <CurrencyCode>USD</CurrencyCode>
        <Value>string</Value>
      </Balance>
      <!--Optional:-->
      <SenderTokenId>string</SenderTokenId>
      <!--Optional:-->
      <RecipientTokenId>string</RecipientTokenId>
    </Transaction>
    <!--Optional:-->
    <StartTimeForNextTransaction>2016-01-01T19:07:42</StartTimeForNextTransaction>
  </GetAccountActivityResult>
  <ResponseMetadata>
    <RequestId>string</RequestId>
  </ResponseMetadata>
</GetAccountActivityResponse>