<?xml version="1.0" encoding="UTF-8"?>
<GetTokenUsageResponse xmlns="http://fps.amazonaws.com/doc/2010-08-28/">
  <!--Optional:-->
  <GetTokenUsageResult>
    <!--0 to 3 repetitions:-->
    <TokenUsageLimits>
      <!--Optional:-->
      <Count>100</Count>
      <!--Optional:-->
      <Amount>
        <CurrencyCode>USD</CurrencyCode>
        <Value>string</Value>
      </Amount>
      <!--Optional:-->
      <LastResetCount>100</LastResetCount>
      <!--Optional:-->
      <LastResetAmount>
        <CurrencyCode>USD</CurrencyCode>
        <Value>string</Value>
      </LastResetAmount>
      <!--Optional:-->
      <LastResetTimestamp>2013-11-23T14:44:07</LastResetTimestamp>
    </TokenUsageLimits>
  </GetTokenUsageResult>
  <ResponseMetadata>
    <RequestId>string</RequestId>
  </ResponseMetadata>
</GetTokenUsageResponse>